Easting,Northing
245293.78225452846,122212.92301600671
257256.2810476524,119586.55953307603
201421.01537987796,117838.55161448696
277933.2042988618,194010.54266799672
260431.27681885383,178662.69906687902
235428.40837614387,189604.41376177408
261668.7027075393,196324.69799607774
212500.07629054808,106289.90848298043
243298.31052269298,182549.0938570674
212610.14164630458,116648.40490620397
